{
  "x": 0.0,
  "y": 0.0,
  "z": 0.0,
  "nodes": [
    0.0032916666666666667,
    0.009875
  ],
  "coefficients": [
    [
      727572.0625931466
    ],
    [
      0.0,
      497327738.9877205,
      -100724605364.60161,
      5099980018460.841
    ]
  ]
}