{
  "x": 0.0,
  "y": 0.0,
  "z": 0.0,
  "nodes": [
    0.00041145833333333334,
    0.001234375
  ],
  "coefficients": [
    [
      372516896.04769105
    ],
    [
      0.0,
      2037054418893.7031,
      -3300543868587265.5,
      1.3369291619593987e+18
    ]
  ]
}