{
  "x": 0.0,
  "y": 0.0,
  "z": 0.0,
  "nodes": [
    6.2499999999999995e-06,
    1.875e-05
  ],
  "coefficients": [
    [
      106287822864848.66
    ],
    [
      0.0,
      3.826361623134552e+19,
      -4.081452398010189e+24,
      1.0883873061360505e+29
    ]
  ]
}