{
  "x": 0.0,
  "y": 0.0,
  "z": 0.0,
  "nodes": [
    0.0008229166666666667,
    0.00246875
  ],
  "coefficients": [
    [
      46564612.00596138
    ],
    [
      0.0,
      127315901180.85645,
      -103141995893352.05,
      2.0889518155615604e+16
    ]
  ]
}