{
  "x": 0.0,
  "y": 0.0,
  "z": 0.0,
  "nodes": [
    0.0016458333333333333,
    0.0049375
  ],
  "coefficients": [
    [
      5820576.500745173
    ],
    [
      0.0,
      7957243823.803528,
      -3223187371667.2515,
      326398721181493.8
    ]
  ]
}