{
  "x": 0.0,
  "y": 0.0,
  "z": 0.0,
  "nodes": [
    0.006583333333333333,
    0.01975
  ],
  "coefficients": [
    [
      90946.50782414332
    ],
    [
      0.0,
      31082983.68673253,
      -3147643917.6438003,
      79687187788.45064
    ]
  ]
}