{
  "x": 0.0,
  "y": 0.0,
  "z": 0.0,
  "nodes": [
    0.0075,
    0.0225
  ],
  "coefficients": [
    [
      61509.15675049097
    ],
    [
      0.0,
      18452747.02514729,
      -1640244180.0130925,
      36449870666.95762
    ]
  ]
}