{
  "x": 0.0,
  "y": 0.0,
  "z": 0.0,
  "nodes": [
    0.00375,
    0.01125
  ],
  "coefficients": [
    [
      492073.25400392775
    ],
    [
      0.0,
      295243952.4023566,
      -52487813760.41896,
      2332791722685.2876
    ]
  ]
}