{
  "x": 0.0,
  "y": 0.0,
  "z": 0.0,
  "nodes": [
    0.00046875,
    0.00140625
  ],
  "coefficients": [
    [
      251941506.050011
    ],
    [
      0.0,
      1209319229040.0527,
      -1719920681301408.5,
      6.11527353351612e+17
    ]
  ]
}