{
  "x": 0.0,
  "y": 0.0,
  "z": 0.0,
  "nodes": [
    0.001875,
    0.005625
  ],
  "coefficients": [
    [
      3936586.032031422
    ],
    [
      0.0,
      4723903238.437706,
      -1679610040333.4067,
      149298670251858.4
    ]
  ]
}