{
  "x": 0.0,
  "y": 0.0,
  "z": 0.0,
  "nodes": [
    0.0009375,
    0.0028125
  ],
  "coefficients": [
    [
      31492688.256251376
    ],
    [
      0.0,
      75582451815.0033,
      -53747521290669.016,
      9555114896118938.0
    ]
  ]
}