{
  "x": 0.0,
  "y": 0.0,
  "z": 0.0,
  "nodes": [
    0.000234375,
    0.000703125
  ],
  "coefficients": [
    [
      2015532048.400088
    ],
    [
      0.0,
      19349107664640.844,
      -5.503746180164507e+16,
      3.913775061450317e+19
    ]
  ]
}