{
  "x": 0.0,
  "y": 0.0,
  "z": 0.0,
  "nodes": [
    1.2499999999999999e-05,
    3.75e-05
  ],
  "coefficients": [
    [
      13285977858106.082
    ],
    [
      0.0,
      2.391476014459095e+18,
      -1.275453874378184e+23,
      1.700605165837579e+27
    ]
  ]
}