{
  "x": 0.0,
  "y": 0.0,
  "z": 0.0,
  "nodes": [
    2.4999999999999998e-05,
    7.5e-05
  ],
  "coefficients": [
    [
      1660747232263.2603
    ],
    [
      0.0,
      1.4946725090369344e+17,
      -3.985793357431825e+21,
      2.657195571621217e+25
    ]
  ]
}