{
  "x": 0.0,
  "y": 0.0,
  "z": 0.0,
  "nodes": [
    3.1249999999999997e-06,
    9.375e-06
  ],
  "coefficients": [
    [
      850302582918789.2
    ],
    [
      0.0,
      6.122178597015283e+20,
      -1.3060647673632605e+26,
      6.965678759270723e+30
    ]
  ]
}