NAME,X,Y,Z
Cz_91,0.000362415920046522,-0.00828702105030298,0.0906211561215853
Cz_90,0.000358433327518538,-0.00819595488491504,0.0896253192411283
Cz_89,0.000354450734990554,-0.00810488871952709,0.0886294823606713
Cz_88,0.00035046814246257,-0.0080138225541391,0.0876336454802143
Cz_87,0.000346485549934587,-0.0079227563887512,0.0866378085997573
Cz_86,0.000342502957406603,-0.00783169022336326,0.0856419717193004
Cz_L1,0.000306659624654749,-0.00701209473487175,0.0766794397951875
Cz_L2,0.000258868514318944,-0.00591930075021642,0.0647293972297038